id;referencia;ano;pais_regiao;tipo_estudo;fonte_dados;evento_metodo;decisao_inicial;utilidade;arquivo_local
L001;Zang et al. — Unveiling construction accident causation: a scientometric analysis and qualitative review of research trends;2025;Internacional;revisao bibliometrica e qualitativa;Scopus e Web of Science;causalidade de acidentes, classificacao, dados e IA;incluir para leitura integral;fundamentacao metodologica e lacunas;data/referencias/artigos/2025-zang-construction-accident-causation.pdf
L002;Development of accident analysis for civil engineering structures: an AcciMap diagram for collapsed steel dome structure;2025;Internacional;estudo de caso e analise sistemica;investigacao de acidente;colapso de estrutura de aco durante construcao, AcciMap;incluir para leitura integral;modelo causal e fatores organizacionais;URL oficial na ficha
L003;Safety evaluation in the geotechnical site applications: A comprehensive analysis and forecasting model;2024;Internacional;analise estatistica e modelagem;OSHA IMIS;colapso de trincheira/parede e impacto de objeto;incluir para leitura integral;recorte de escavacoes e geotecnia;URL oficial na ficha
L004;Workplace accidents and the probabilities of injuries occurring in the civil construction industry in Brazilian Amazon;2024;Brasil;analise estatistica;CAT/INSS;acidentes na construcao civil, lesoes e probabilidades;incluir para leitura integral;comparacao brasileira e uso da CAT;URL oficial na ficha
L005;A Review on Construction Safety: Hazards, Mitigation Strategies, and Impacted Sectors;2024;Internacional;revisao;literatura;perigos da construcao, estruturas temporarias e escavacoes;incluir para leitura integral;contextualizacao dos riscos;URL oficial na ficha
L006;Evolution of Risk Analysis Approaches in Construction Disasters: A Systematic Review of Construction Accidents from 2010 to 2025;2025;Internacional;revisao sistematica;literatura;desastres, colapsos e metodos de analise de risco;incluir para leitura integral;mapa de metodos e tendencias;data/referencias/artigos/2025-evolution-risk-analysis-construction-disasters.pdf
L007;Chen et al. — A hybrid STAMP-fuzzy DEMATEL-ISM approach for analyzing the factors influencing building collapse accidents in China;2023;China;estudo quantitativo e modelagem;355 relatorios de colapso;colapso de edificacoes, STAMP, DEMATEL e ISM;incluir para leitura integral;modelo causal de colapso;data/referencias/artigos/2023-building-collapse-accidents-stamp-dematel-ism.pdf
L008;Luo, Liu e Qiu — A Correlation Analysis of Construction Site Fall Accidents Based on Text Mining;2021;China;mineração de texto;557 relatorios de investigacao;classificacao e fatores causais;incluir para leitura integral;tratamento de texto e classificacao;data/referencias/artigos/2021-construction-site-fall-accidents-text-mining.pdf
L009;Yao, She e Zhou — Risk assessment of construction safety accidents based on association rule mining and Bayesian network;2024;China;mineração de texto e rede bayesiana;166 relatorios;fatores causais e avaliacao de risco;incluir para leitura integral;associacao e modelagem;data/referencias/artigos/2024-risk-assessment-construction-safety-accidents.html
L010;Sadeghi et al. — Progressive collapse: Past, present, future and beyond;2024;Internacional;revisao;literatura;colapso progressivo, robustez, madeira e estruturas modulares;incluir para leitura integral;fundamentacao estrutural;URL oficial na ficha
L011;Chen et al. — Cause analysis of construction safety accidents in China using association rules;2022;China;analise de associacao;653 acidentes investigados;fatores causais e gravidade;incluir para leitura integral;metodo comparativo;URL oficial na ficha
L012;Santos Júnior, Miranda, Antunes e Fischer — Indicadores de acidentes do trabalho entre segurados da Previdência Social: tendência temporal e magnitude no Brasil e regiões, 2009-2019;2023;Brasil;serie temporal;AEAT e AEPS;indicadores e tendencias regionais;incluir para leitura integral;fundamentacao estatistica e limites da populacao segurada;data/referencias/artigos/2023-santos-indicadores-acidentes-previdencia-brasil.pdf
L013;Santos Júnior e Fischer — Fontes e sistemas de informação sobre acidentes do trabalho no Brasil;2023;Brasil;revisao/carta;SIM, SIH/SUS, SINAN, SISCAT, RAIS e outros;fontes, fluxos e qualidade da informacao;incluir para leitura integral;triangulacao e subnotificacao;data/referencias/artigos/2023-santos-fontes-sistemas-acidentes-brasil.pdf
L014;Paiva et al. — Occupational accident fatalities in Brazil: A time series study from 2011 to 2021;2025;Brasil;serie temporal ecologica;INSS;letalidade por acidentes formais e regioes;incluir para leitura integral;contexto nacional de mortalidade;data/referencias/artigos/2025-paiva-fatalidades-acidentes-brasil.pdf
L015;Andersen, Gianvecchio e Silva-Junior — Fatal occupational accidents in Brazil: A national case-control study using 2023 data;2025;Brasil;caso-controle e regressao logistica;SINAN;fatores associados a acidentes fatais;incluir para leitura integral;contexto nacional recente;data/referencias/artigos/2025-andersen-acidentes-fatais-sinan-brasil.pdf
L016;Santos Júnior e Fischer — Magnitude dos acidentes do trabalho entre trabalhadores ocupados e informais no Brasil;2025;Brasil;extrapolacao;RGPS e PNAD;estimativa de acidentes formais e informais;incluir para leitura integral;subnotificacao e cobertura;URL oficial na ficha
L017;Lima et al. — Completude das notificações de acidentes de trabalho no SINAN, Brasil, de 2007 a 2022;2025;Brasil;serie temporal e analise espacial;SINAN;completude de 11 variaveis;incluir para leitura integral;qualidade dos campos e vieses;data/referencias/artigos/2025-completude-sinan-acidentes-brasil.pdf
L018;Costa e Alcântara — Análise e atenuação de acidentes de trabalho na construção de edifícios no estado de São Paulo;2024;Brasil;trabalho academico documental e exploratorio;MTE, INSS e anuarios;construcao de edificios/CNAE 4120-4;incluir como literatura complementar;comparacao de recorte estadual;data/referencias/artigos/2024-costa-acidentes-construcao-edificios-sp.pdf
